<bpy>
  <Theme>
    <user_interface>
      <ThemeUserInterface
        menu_shadow_fac="0.4"
        menu_shadow_width="2"
        icon_alpha="0.95"
        icon_saturation="0.5"
        widget_emboss="#ffffff26"
        editor_border="#1a3389"
        editor_outline="#16161615"
        editor_outline_active="#ffffff2a"
        widget_text_cursor="#71a8ff"
        panel_roundness="1"
        transparent_checker_primary="#333333"
        transparent_checker_secondary="#262626"
        transparent_checker_size="8"
        axis_x="#ff3054"
        axis_y="#a1ff00"
        axis_z="#3195ff"
        gizmo_hi="#ffffff"
        gizmo_primary="#f5f14d"
        gizmo_secondary="#63ffff"
        gizmo_view_align="#ffffff"
        gizmo_a="#4da84d"
        gizmo_b="#a33535"
        icon_scene="#2d4395ff"
        icon_collection="#2d4395ff"
        icon_object="#2d4395ff"
        icon_object_data="#00b022ff"
        icon_modifier="#2d4395ff"
        icon_shading="#cc1a21ff"
        icon_folder="#ffda79ff"
        icon_autokey="#ab3c48ff"
        icon_border_intensity="0"
        >
        <wcol_regular>
          <ThemeWidgetColors
            outline="#3d3d3dff"
            inner="#cbd8eec8"
            inner_sel="#2ebf0cff"
            item="#1d1d1d80"
            text="#2d4395"
            text_sel="#ffffff"
            show_shaded="TRUE"
            shadetop="-70"
            shadedown="50"
            roundness="0.84"
            >
          </ThemeWidgetColors>
        </wcol_regular>
        <wcol_tool>
          <ThemeWidgetColors
            outline="#3d3d3d74"
            inner="#da7e2bff"
            inner_sel="#4772b3ff"
            item="#ffffffff"
            text="#ffffff"
            text_sel="#ffffff"
            show_shaded="TRUE"
            shadetop="60"
            shadedown="-37"
            roundness="0.55"
            >
          </ThemeWidgetColors>
        </wcol_tool>
        <wcol_toolbar_item>
          <ThemeWidgetColors
            outline="#34343422"
            inner="#5070d3b5"
            inner_sel="#2d4395ff"
            item="#ffffffb3"
            text="#e3e3e3"
            text_sel="#ffffff"
            show_shaded="TRUE"
            shadetop="20"
            shadedown="-20"
            roundness="0.4"
            >
          </ThemeWidgetColors>
        </wcol_toolbar_item>
        <wcol_radio>
          <ThemeWidgetColors
            outline="#3d3d3dff"
            inner="#cbd8eeff"
            inner_sel="#2d4395ff"
            item="#252525ff"
            text="#2d4395"
            text_sel="#ffffff"
            show_shaded="TRUE"
            shadetop="30"
            shadedown="0"
            roundness="0.5"
            >
          </ThemeWidgetColors>
        </wcol_radio>
        <wcol_text>
          <ThemeWidgetColors
            outline="#3d3d3d25"
            inner="#a3cbffff"
            inner_sel="#ecececff"
            item="#5339ff33"
            text="#4772b3"
            text_sel="#4772b3"
            show_shaded="FALSE"
            shadetop="40"
            shadedown="-40"
            roundness="0.4"
            >
          </ThemeWidgetColors>
        </wcol_text>
        <wcol_option>
          <ThemeWidgetColors
            outline="#2d4395ad"
            inner="#e6e6e6ff"
            inner_sel="#27b805ff"
            item="#ffffffff"
            text="#ffffff"
            text_sel="#35ff06"
            show_shaded="TRUE"
            shadetop="10"
            shadedown="0"
            roundness="0.4"
            >
          </ThemeWidgetColors>
        </wcol_option>
        <wcol_toggle>
          <ThemeWidgetColors
            outline="#3d3d3dff"
            inner="#7289d3ff"
            inner_sel="#e97241ff"
            item="#252525ff"
            text="#22325f"
            text_sel="#ffffff"
            show_shaded="TRUE"
            shadetop="81"
            shadedown="0"
            roundness="0.25"
            >
          </ThemeWidgetColors>
        </wcol_toggle>
        <wcol_num>
          <ThemeWidgetColors
            outline="#4f6ed24d"
            inner="#cbd8eee3"
            inner_sel="#f38c2aff"
            item="#4772b3ff"
            text="#2c4293"
            text_sel="#ffffff"
            show_shaded="TRUE"
            shadetop="20"
            shadedown="-5"
            roundness="1"
            >
          </ThemeWidgetColors>
        </wcol_num>
        <wcol_numslider>
          <ThemeWidgetColors
            outline="#3d3d3dff"
            inner="#5b77d3ff"
            inner_sel="#506fd3ff"
            item="#3151b4ff"
            text="#ffffff"
            text_sel="#ffffff"
            show_shaded="TRUE"
            shadetop="-20"
            shadedown="50"
            roundness="1"
            >
          </ThemeWidgetColors>
        </wcol_numslider>
        <wcol_box>
          <ThemeWidgetColors
            outline="#2d4395ff"
            inner="#506fd3a6"
            inner_sel="#ffffffff"
            item="#2d4395ff"
            text="#ffffff"
            text_sel="#ffffff"
            show_shaded="FALSE"
            shadetop="23"
            shadedown="0"
            roundness="0.4"
            >
          </ThemeWidgetColors>
        </wcol_box>
        <wcol_menu>
          <ThemeWidgetColors
            outline="#3d3d3dff"
            inner="#5070d3ff"
            inner_sel="#4772b3b3"
            item="#d9d9d9ff"
            text="#ffffff"
            text_sel="#ffffff"
            show_shaded="TRUE"
            shadetop="0"
            shadedown="-40"
            roundness="0.5"
            >
          </ThemeWidgetColors>
        </wcol_menu>
        <wcol_pulldown>
          <ThemeWidgetColors
            outline="#3d3d3d00"
            inner="#22222200"
            inner_sel="#ffffff1a"
            item="#ffffff80"
            text="#d9d9d9"
            text_sel="#e5e5e5"
            show_shaded="FALSE"
            shadetop="0"
            shadedown="0"
            roundness="0.4"
            >
          </ThemeWidgetColors>
        </wcol_pulldown>
        <wcol_menu_back>
          <ThemeWidgetColors
            outline="#24242400"
            inner="#a3cbffe6"
            inner_sel="#4772b3ff"
            item="#d9d9d9ff"
            text="#2d4394"
            text_sel="#ffffff"
            show_shaded="TRUE"
            shadetop="0"
            shadedown="-20"
            roundness="1"
            >
          </ThemeWidgetColors>
        </wcol_menu_back>
        <wcol_pie_menu>
          <ThemeWidgetColors
            outline="#2424244d"
            inner="#5070d3bf"
            inner_sel="#4772b3ff"
            item="#cb8b44ff"
            text="#d9d9d9"
            text_sel="#ffffff"
            show_shaded="TRUE"
            shadetop="40"
            shadedown="-40"
            roundness="0.4"
            >
          </ThemeWidgetColors>
        </wcol_pie_menu>
        <wcol_tooltip>
          <ThemeWidgetColors
            outline="#242424ff"
            inner="#1d1d1dff"
            inner_sel="#4772b3ff"
            item="#d9d9d9ff"
            text="#d9d9d9"
            text_sel="#ffffff"
            show_shaded="FALSE"
            shadetop="0"
            shadedown="0"
            roundness="0.4"
            >
          </ThemeWidgetColors>
        </wcol_tooltip>
        <wcol_menu_item>
          <ThemeWidgetColors
            outline="#3d3d3d00"
            inner="#a3cbff80"
            inner_sel="#4772b3ff"
            item="#ffffff8f"
            text="#2d4394"
            text_sel="#ffffff"
            show_shaded="FALSE"
            shadetop="0"
            shadedown="0"
            roundness="0.5"
            >
          </ThemeWidgetColors>
        </wcol_menu_item>
        <wcol_scroll>
          <ThemeWidgetColors
            outline="#3d3d3dff"
            inner="#22222200"
            inner_sel="#ffffffff"
            item="#545454ff"
            text="#e6e6e6"
            text_sel="#ffffff"
            show_shaded="FALSE"
            shadetop="0"
            shadedown="0"
            roundness="1"
            >
          </ThemeWidgetColors>
        </wcol_scroll>
        <wcol_progress>
          <ThemeWidgetColors
            outline="#3d3d3dff"
            inner="#222222ff"
            inner_sel="#4772b3ff"
            item="#4772b3ff"
            text="#e6e6e6"
            text_sel="#ffffff"
            show_shaded="FALSE"
            shadetop="0"
            shadedown="0"
            roundness="0.4"
            >
          </ThemeWidgetColors>
        </wcol_progress>
        <wcol_list_item>
          <ThemeWidgetColors
            outline="#2d2d2dff"
            inner="#ffffff00"
            inner_sel="#5675d4ff"
            item="#ffffff33"
            text="#ffffff"
            text_sel="#ffc24d"
            show_shaded="TRUE"
            shadetop="0"
            shadedown="15"
            roundness="0.6"
            >
          </ThemeWidgetColors>
        </wcol_list_item>
        <wcol_state>
          <ThemeWidgetStateColors
            error="#771111ff"
            warning="#ac8737ff"
            info="#28487dff"
            success="#188625ff"
            inner_anim="#53992e"
            inner_anim_sel="#38a600"
            inner_key="#b3ae36"
            inner_key_sel="#b29700"
            inner_driven="#9000cc"
            inner_driven_sel="#9900e6"
            inner_overridden="#00c3c3"
            inner_overridden_sel="#118f8f"
            inner_changed="#cc7529"
            inner_changed_sel="#d26400"
            blend="0.5"
            >
          </ThemeWidgetStateColors>
        </wcol_state>
        <wcol_tab>
          <ThemeWidgetColors
            outline="#1d1d1d00"
            inner="#cbd8eeff"
            inner_sel="#f3963dff"
            item="#242424ff"
            text="#2d4395"
            text_sel="#ffffff"
            show_shaded="TRUE"
            shadetop="30"
            shadedown="-30"
            roundness="0.736066"
            >
          </ThemeWidgetColors>
        </wcol_tab>
      </ThemeUserInterface>
    </user_interface>
    <view_3d>
      <ThemeView3D
        grid="#00000059"
        clipping_border_3d="#3f3f3fff"
        wire="#020044"
        wire_edit="#0d0d0d"
        edge_width="1"
        gp_vertex="#000000"
        gp_vertex_select="#ff8500"
        gp_vertex_size="3"
        text_grease_pencil="#b5e61d"
        object_selected="#ffffff"
        object_active="#00ff87"
        text_keyframe="#ddd700"
        camera="#000000"
        empty="#000000"
        light="#00000050"
        speaker="#000000"
        vertex="#0d0d0d"
        vertex_select="#f2f2e9"
        vertex_size="3"
        vertex_bevel="#00a5ff"
        vertex_unreferenced="#000000"
        edge_select="#ff87ef"
        edge_mode_select="#e6e6dc"
        edge_seam="#c41919"
        edge_sharp="#00d9d9"
        edge_crease="#cc0099"
        edge_bevel="#00a5ff"
        edge_facesel="#4b4b4b"
        freestyle_edge_mark="#7fff7f"
        face="#ffffff02"
        face_select="#fdeaff1f"
        face_mode_select="#ccccc42b"
        face_dot="#ff8a00"
        facedot_size="3"
        freestyle_face_mark="#7fff7f4d"
        face_retopology="#50c8ff0f"
        face_back="#ff0000b3"
        face_front="#0000ffb3"
        nurb_uline="#909000"
        nurb_vline="#803060"
        nurb_sel_uline="#f0ff40"
        nurb_sel_vline="#f090a0"
        act_spline="#db2512"
        handle_free="#000000"
        handle_auto="#909000"
        handle_vect="#409030"
        handle_sel_vect="#40c030"
        handle_align="#803060"
        handle_sel_free="#000000"
        handle_sel_auto="#f0ff40"
        handle_sel_align="#f090a0"
        lastsel_point="#ffffff"
        extra_edge_len="#150806"
        extra_edge_angle="#4d4d00"
        extra_face_angle="#0000cc"
        extra_face_area="#004d00"
        editmesh_active="#00ff8733"
        normal="#22dddd"
        vertex_normal="#2361dd"
        split_normal="#dd23dd"
        bone_pose="#50c8ff"
        bone_pose_active="#8cffff"
        bone_solid="#b2b2b2"
        bone_locked_weight="#ff000080"
        frame_current="#4772b3"
        before_current_frame="#f22e23"
        after_current_frame="#78f244"
        bundle_solid="#c8c8c8"
        camera_path="#000000"
        camera_passepartout="#000000"
        skin_root="#b44d4d"
        view_overlay="#000000"
        transform="#ffffff"
        paint_curve_handle="#7fff7f7f"
        paint_curve_pivot="#ff7f7f7f"
        outline_width="1"
        object_origin_size="6"
        >
        <space>
          <ThemeSpaceGradient
            title="#eeeeee"
            text="#ececec"
            text_hi="#fff4c3"
            header="#4f6ed2ff"
            header_text="#eeeeee"
            header_text_hi="#ffffff"
            button="#ffffff00"
            button_title="#ffffff"
            button_text="#2d4395"
            button_text_hi="#ffffff"
            navigation_bar="#1d1d1dff"
            execution_buts="#303030ff"
            tab_active="#f38c2a"
            tab_inactive="#cbd8ee"
            tab_back="#506fd34d"
            tab_outline="#3d3d3db3"
            >
            <gradients>
              <ThemeGradientColors
                background_type="RADIAL"
                high_gradient="#99baff"
                gradient="#4f6ed2"
                >
              </ThemeGradientColors>
            </gradients>
            <panelcolors>
              <ThemePanelColors
                header="#4f6ed2fc"
                back="#a3cbffff"
                sub_back="#ffffff33"
                >
              </ThemePanelColors>
            </panelcolors>
          </ThemeSpaceGradient>
        </space>
        <asset_shelf>
          <ThemeAssetShelf
            header_back="#4f6ed2ff"
            back="#2d4395ff"
            >
          </ThemeAssetShelf>
        </asset_shelf>
      </ThemeView3D>
    </view_3d>
    <graph_editor>
      <ThemeGraphEditor
        grid="#515151"
        frame_current="#f69940"
        time_scrub_background="#2d4395ff"
        time_marker_line="#ffffff4d"
        time_marker_line_selected="#ffffffb3"
        window_sliders="#969696"
        channels_region="#121212"
        dopesheet_channel="#194e80"
        dopesheet_subchannel="#0f2c4d"
        channel_group="#1a332d"
        active_channels_group="#216d5b"
        preview_range="#a14d0066"
        vertex="#000000"
        vertex_select="#ff8500"
        vertex_active="#ffffff"
        vertex_size="6"
        vertex_bevel="#000000"
        vertex_unreferenced="#000000"
        handle_free="#000000"
        handle_auto="#909000"
        handle_vect="#409030"
        handle_sel_vect="#40c030"
        handle_align="#803060"
        handle_sel_free="#000000"
        handle_sel_auto="#f0ff40"
        handle_sel_align="#f090a0"
        handle_auto_clamped="#994030"
        handle_sel_auto_clamped="#f0af90"
        lastsel_point="#ffffff"
        handle_vertex="#000000"
        handle_vertex_select="#ff8500"
        handle_vertex_size="5"
        >
        <space>
          <ThemeSpaceGeneric
            back="#84a9ee"
            title="#ffffff"
            text="#a6a6a6"
            text_hi="#ffffff"
            header="#5475d5b3"
            header_text="#eeeeee"
            header_text_hi="#ffffff"
            button="#5475d500"
            button_title="#ffffff"
            button_text="#ffffff"
            button_text_hi="#ffffff"
            navigation_bar="#1d1d1dff"
            execution_buts="#303030ff"
            tab_active="#303030"
            tab_inactive="#1d1d1d"
            tab_back="#181818ff"
            tab_outline="#3d3d3dff"
            >
            <panelcolors>
              <ThemePanelColors
                header="#2d4395ff"
                back="#84a9eeff"
                sub_back="#0000001f"
                >
              </ThemePanelColors>
            </panelcolors>
          </ThemeSpaceGeneric>
        </space>
        <space_list>
          <ThemeSpaceListGeneric
            list="#2d4395"
            list_title="#ffffff"
            list_text="#dddddd"
            list_text_hi="#ffaf23"
            >
          </ThemeSpaceListGeneric>
        </space_list>
      </ThemeGraphEditor>
    </graph_editor>
    <file_browser>
      <ThemeFileBrowser
        selected_file="#93a9e5"
        row_alternate="#ffffff04"
        >
        <space>
          <ThemeSpaceGeneric
            back="#5475d5"
            title="#ffffff"
            text="#ffffff"
            text_hi="#ffffff"
            header="#2d4395b3"
            header_text="#eeeeee"
            header_text_hi="#ffffff"
            button="#2d439500"
            button_title="#ffffff"
            button_text="#f2f2f2"
            button_text_hi="#ffffff"
            navigation_bar="#303030ff"
            execution_buts="#1d2c62ff"
            tab_active="#303030"
            tab_inactive="#1d1d1d"
            tab_back="#181818ff"
            tab_outline="#3d3d3dff"
            >
            <panelcolors>
              <ThemePanelColors
                header="#5475d5ff"
                back="#2d4395ff"
                sub_back="#0000001f"
                >
              </ThemePanelColors>
            </panelcolors>
          </ThemeSpaceGeneric>
        </space>
      </ThemeFileBrowser>
    </file_browser>
    <nla_editor>
      <ThemeNLAEditor
        grid="#000000"
        view_sliders="#969696"
        dopesheet_channel="#0f2c4d"
        dopesheet_subchannel="#7d98b3"
        nla_track="#303030"
        active_action="#99541366"
        active_action_unset="#4d3b174d"
        preview_range="#a14d0066"
        strips="#0d0d0d"
        strips_selected="#ff8c00"
        transition_strips="#1c2630"
        transition_strips_selected="#2e75db"
        meta_strips="#332642"
        meta_strips_selected="#692196"
        sound_strips="#2b3d3d"
        sound_strips_selected="#1f7a7a"
        tweak="#4df31a"
        tweak_duplicate="#d90000"
        keyframe_border="#000000ff"
        keyframe_border_selected="#000000ff"
        frame_current="#f38c2a"
        time_scrub_background="#000000ff"
        time_marker_line="#ffffff4d"
        time_marker_line_selected="#ffffffb3"
        >
        <space>
          <ThemeSpaceGeneric
            back="#2d4395"
            title="#ffffff"
            text="#a6a6a6"
            text_hi="#ffffff"
            header="#2d4395b3"
            header_text="#eeeeee"
            header_text_hi="#ffffff"
            button="#2d439500"
            button_title="#ffffff"
            button_text="#cccccc"
            button_text_hi="#ffffff"
            navigation_bar="#1d1d1dff"
            execution_buts="#303030ff"
            tab_active="#303030"
            tab_inactive="#1d1d1d"
            tab_back="#181818ff"
            tab_outline="#3d3d3dff"
            >
            <panelcolors>
              <ThemePanelColors
                header="#5475d5ff"
                back="#84a9eeff"
                sub_back="#0000001f"
                >
              </ThemePanelColors>
            </panelcolors>
          </ThemeSpaceGeneric>
        </space>
        <space_list>
          <ThemeSpaceListGeneric
            list="#1d1d1d"
            list_title="#ffffff"
            list_text="#b8b8b8"
            list_text_hi="#ffaf23"
            >
          </ThemeSpaceListGeneric>
        </space_list>
      </ThemeNLAEditor>
    </nla_editor>
    <dopesheet_editor>
      <ThemeDopeSheet
        grid="#161616"
        frame_current="#efeddf"
        time_scrub_background="#2d4395ff"
        time_marker_line="#ffffff4d"
        time_marker_line_selected="#ffffffb3"
        value_sliders="#000000"
        view_sliders="#c0c0c0"
        dopesheet_channel="#194e8080"
        dopesheet_subchannel="#d392c280"
        channels="#c0c0c099"
        channels_selected="#60c04044"
        channel_group="#1a332d37"
        active_channels_group="#216d5b67"
        long_key="#ffffff1f"
        long_key_selected="#ff8c0099"
        keyframe="#bfbfbf"
        keyframe_selected="#ffbe33"
        keyframe_extreme="#e8b3cc"
        keyframe_extreme_selected="#f28080"
        keyframe_breakdown="#b3dbe8"
        keyframe_breakdown_selected="#54bfed"
        keyframe_jitter="#94e575"
        keyframe_jitter_selected="#61c042"
        keyframe_movehold="#808080"
        keyframe_movehold_selected="#ffaf23"
        keyframe_generated="#585858"
        keyframe_generated_selected="#a28962"
        keyframe_border="#000000ff"
        keyframe_border_selected="#000000ff"
        keyframe_scale_factor="1"
        summary="#98486e66"
        preview_range="#a14d0066"
        interpolation_line="#94e575cc"
        simulated_frames="#721e65ff"
        >
        <space>
          <ThemeSpaceGeneric
            back="#a1b9d9"
            title="#eeeeee"
            text="#32489a"
            text_hi="#ffffff"
            header="#506fd3b3"
            header_text="#eeeeee"
            header_text_hi="#32489a"
            button="#506fd300"
            button_title="#ffffff"
            button_text="#cccccc"
            button_text_hi="#ffffff"
            navigation_bar="#1d1d1dff"
            execution_buts="#303030ff"
            tab_active="#303030"
            tab_inactive="#1d1d1d"
            tab_back="#181818ff"
            tab_outline="#3d3d3dff"
            >
            <panelcolors>
              <ThemePanelColors
                header="#3d3d3dff"
                back="#3d3d3dff"
                sub_back="#0000001f"
                >
              </ThemePanelColors>
            </panelcolors>
          </ThemeSpaceGeneric>
        </space>
        <space_list>
          <ThemeSpaceListGeneric
            list="#506fd3"
            list_title="#ffffff"
            list_text="#ededed"
            list_text_hi="#32489a"
            >
          </ThemeSpaceListGeneric>
        </space_list>
      </ThemeDopeSheet>
    </dopesheet_editor>
    <image_editor>
      <ThemeImageEditor
        grid="#303030ff"
        vertex="#000000"
        vertex_select="#ff8500"
        vertex_size="3"
        vertex_bevel="#000000"
        vertex_unreferenced="#000000"
        face="#ffffff0a"
        face_select="#ff85003c"
        face_mode_select="#00000000"
        face_dot="#ff8500"
        facedot_size="3"
        freestyle_face_mark="#7fff7f33"
        face_retopology="#00000000"
        face_back="#00000000"
        face_front="#00000000"
        editmesh_active="#ffffff40"
        wire_edit="#c0c0c0"
        edge_width="1"
        edge_select="#ff8500"
        scope_back="#727272ff"
        preview_stitch_face="#7f7f0033"
        preview_stitch_edge="#ff00ff33"
        preview_stitch_vert="#0000ff33"
        preview_stitch_stitchable="#00ff00ff"
        preview_stitch_unstitchable="#ff0000ff"
        preview_stitch_active="#e1d2c323"
        uv_shadow="#707070ff"
        frame_current="#4772b3"
        metadatabg="#000000"
        metadatatext="#ffffff"
        handle_free="#000000"
        handle_auto="#909000"
        handle_align="#803060"
        handle_sel_free="#000000"
        handle_sel_auto="#f0ff40"
        handle_sel_align="#f090a0"
        handle_auto_clamped="#000000"
        handle_sel_auto_clamped="#000000"
        handle_vertex="#000000"
        handle_vertex_select="#ffff00"
        handle_vertex_size="5"
        paint_curve_handle="#7fff7f7f"
        paint_curve_pivot="#ff7f7f7f"
        >
        <space>
          <ThemeSpaceGeneric
            back="#2d4395"
            title="#eeeeee"
            text="#e6e6e6"
            text_hi="#ffffff"
            header="#5475d5b3"
            header_text="#eeeeee"
            header_text_hi="#ffffff"
            button="#30303000"
            button_title="#ffffff"
            button_text="#2d4395"
            button_text_hi="#ffffff"
            navigation_bar="#1d1d1dff"
            execution_buts="#303030ff"
            tab_active="#f38c2a"
            tab_inactive="#cbd8ee"
            tab_back="#1818183b"
            tab_outline="#3d3d3dff"
            >
            <panelcolors>
              <ThemePanelColors
                header="#5475d5ff"
                back="#a0c7fbff"
                sub_back="#0000001f"
                >
              </ThemePanelColors>
            </panelcolors>
          </ThemeSpaceGeneric>
        </space>
        <asset_shelf>
          <ThemeAssetShelf
            header_back="#1d1d1dff"
            back="#303030ff"
            >
          </ThemeAssetShelf>
        </asset_shelf>
      </ThemeImageEditor>
    </image_editor>
    <sequence_editor>
      <ThemeSequenceEditor
        grid="#000000"
        window_sliders="#a0a0a0"
        movie_strip="#4d6890"
        movieclip_strip="#8f4c4c"
        image_strip="#8f744b"
        scene_strip="#808033"
        audio_strip="#448080"
        effect_strip="#514a73"
        transition_strip="#50458f"
        color_strip="#8f8f8f"
        meta_strip="#5b4d91"
        mask_strip="#8f5656"
        text_strip="#824c8f"
        active_strip="#d9d9d9"
        selected_strip="#ff8f0d"
        frame_current="#f38c2a"
        time_scrub_background="#121212ff"
        time_marker_line="#ffffff4d"
        time_marker_line_selected="#ffffffb3"
        keyframe="#bfbfbf"
        keyframe_selected="#ffbe33"
        keyframe_breakdown="#b3dbe8"
        keyframe_breakdown_selected="#54bfed"
        keyframe_movehold="#808080"
        keyframe_movehold_selected="#ffaf23"
        keyframe_generated="#585858"
        keyframe_generated_selected="#a28962"
        keyframe_border="#000000ff"
        keyframe_border_selected="#000000ff"
        draw_action="#50c8ff"
        preview_back="#000000"
        metadatabg="#000000"
        metadatatext="#ffffff"
        preview_range="#a14d0066"
        row_alternate="#ffffff05"
        text_strip_cursor="#71a8ffff"
        selected_text="#ffffff4d"
        >
        <space>
          <ThemeSpaceGeneric
            back="#1d2c62"
            title="#eeeeee"
            text="#a6a6a6"
            text_hi="#ffffff"
            header="#2d4395b3"
            header_text="#eeeeee"
            header_text_hi="#ffffff"
            button="#2d439500"
            button_title="#ffffff"
            button_text="#cccccc"
            button_text_hi="#ffffff"
            navigation_bar="#1d1d1dff"
            execution_buts="#303030ff"
            tab_active="#303030"
            tab_inactive="#1d1d1d"
            tab_back="#181818ff"
            tab_outline="#3d3d3dff"
            >
            <panelcolors>
              <ThemePanelColors
                header="#5475d5ff"
                back="#1d2c62ff"
                sub_back="#0000001f"
                >
              </ThemePanelColors>
            </panelcolors>
          </ThemeSpaceGeneric>
        </space>
        <space_list>
          <ThemeSpaceListGeneric
            list="#1d2c62"
            list_title="#ffffff"
            list_text="#cacaca"
            list_text_hi="#ffffff"
            >
          </ThemeSpaceListGeneric>
        </space_list>
      </ThemeSequenceEditor>
    </sequence_editor>
    <properties>
      <ThemeProperties
        match="#4772b3"
        active_modifier="#4772b3ff"
        >
        <space>
          <ThemeSpaceGeneric
            back="#7c95e9"
            title="#ffffff"
            text="#00228c"
            text_hi="#ffffff"
            header="#5070d3b3"
            header_text="#eeeeee"
            header_text_hi="#ffffff"
            button="#30303000"
            button_title="#cccccc"
            button_text="#cccccc"
            button_text_hi="#ffffff"
            navigation_bar="#7c95e9ff"
            execution_buts="#1d1d1dff"
            tab_active="#303030"
            tab_inactive="#1d1d1d"
            tab_back="#181818ff"
            tab_outline="#3d3d3dff"
            >
            <panelcolors>
              <ThemePanelColors
                header="#5070d3f2"
                back="#5475d565"
                sub_back="#6e6e6e08"
                >
              </ThemePanelColors>
            </panelcolors>
          </ThemeSpaceGeneric>
        </space>
      </ThemeProperties>
    </properties>
    <text_editor>
      <ThemeTextEditor
        line_numbers="#909090"
        line_numbers_background="#1d2c62"
        selected_text="#1d2c62"
        cursor="#ffc500"
        syntax_builtin="#00ff71"
        syntax_symbols="#ff734d"
        syntax_special="#689d06"
        syntax_preprocessor="#9c73e6"
        syntax_reserved="#c4753b"
        syntax_comment="#939393"
        syntax_string="#e6d573"
        syntax_numbers="#48d9e6"
        >
        <space>
          <ThemeSpaceGeneric
            back="#2d4395"
            title="#eeeeee"
            text="#e6e6e6"
            text_hi="#ffffff"
            header="#5475d5b3"
            header_text="#ffffff"
            header_text_hi="#ffffff"
            button="#1d2c6200"
            button_title="#ffffff"
            button_text="#eaeaea"
            button_text_hi="#ffffff"
            navigation_bar="#1d1d1dff"
            execution_buts="#303030ff"
            tab_active="#303030"
            tab_inactive="#1d1d1d"
            tab_back="#181818ff"
            tab_outline="#3d3d3dff"
            >
            <panelcolors>
              <ThemePanelColors
                header="#2d4395ff"
                back="#5475d5ff"
                sub_back="#0000001f"
                >
              </ThemePanelColors>
            </panelcolors>
          </ThemeSpaceGeneric>
        </space>
      </ThemeTextEditor>
    </text_editor>
    <node_editor>
      <ThemeNodeEditor
        grid="#21336f"
        node_selected="#ed5700"
        node_active="#ffffff"
        wire="#1a1a1aff"
        wire_inner="#8d8d8d"
        wire_select="#ffffffb3"
        selected_text="#7f7f7f"
        node_backdrop="#2d4395b3"
        converter_node="#12adff"
        color_node="#cccc00"
        group_node="#3b660a"
        group_socket_node="#000000"
        frame_node="#0f0f0fcc"
        matte_node="#973c3c"
        distor_node="#4c9797"
        noodle_curving="4"
        grid_levels="3"
        dash_alpha="0.5"
        input_node="#ff3371"
        output_node="#4d0017"
        filter_node="#551a80"
        vector_node="#4d4dff"
        texture_node="#e66800"
        shader_node="#24b524"
        script_node="#084d4d"
        pattern_node="#6c696f"
        layout_node="#6c696f"
        geometry_node="#00d6a3"
        attribute_node="#001566"
        simulation_zone="#66416233"
        repeat_zone="#76512f33"
        foreach_geometry_element_zone="#33527f33"
        closure_zone="#527f3333"
        >
        <space>
          <ThemeSpaceGeneric
            back="#6a89e2"
            title="#eeeeee"
            text="#e6e6e6"
            text_hi="#ffffff"
            header="#5475d5b3"
            header_text="#eeeeee"
            header_text_hi="#ffffff"
            button="#8db6ed00"
            button_title="#ffffff"
            button_text="#2d4395"
            button_text_hi="#ffffff"
            navigation_bar="#1d1d1dff"
            execution_buts="#303030ff"
            tab_active="#f38c2a"
            tab_inactive="#cbd8ee"
            tab_back="#81a8daff"
            tab_outline="#2d4395ff"
            >
            <panelcolors>
              <ThemePanelColors
                header="#5475d5ff"
                back="#a3cbffff"
                sub_back="#0000001f"
                >
              </ThemePanelColors>
            </panelcolors>
          </ThemeSpaceGeneric>
        </space>
        <space_list>
          <ThemeSpaceListGeneric
            list="#303030"
            list_title="#ffffff"
            list_text="#b8b8b8"
            list_text_hi="#ffaf23"
            >
          </ThemeSpaceListGeneric>
        </space_list>
      </ThemeNodeEditor>
    </node_editor>
    <outliner>
      <ThemeOutliner
        match="#337f33"
        selected_highlight="#81b1ef"
        active="#8bbdff"
        selected_object="#dbe3ff"
        active_object="#2d4395"
        edited_object="#00806266"
        row_alternate="#00000004"
        >
        <space>
          <ThemeSpaceGeneric
            back="#a4caff"
            title="#ffffff"
            text="#1d2c62"
            text_hi="#ffffff"
            header="#5070d3b3"
            header_text="#eeeeee"
            header_text_hi="#ffffff"
            button="#30303000"
            button_title="#ffffff"
            button_text="#cccccc"
            button_text_hi="#ffffff"
            navigation_bar="#1d1d1dff"
            execution_buts="#303030ff"
            tab_active="#303030"
            tab_inactive="#1d1d1d"
            tab_back="#181818ff"
            tab_outline="#3d3d3dff"
            >
            <panelcolors>
              <ThemePanelColors
                header="#3d3d3dff"
                back="#3d3d3dff"
                sub_back="#0000001f"
                >
              </ThemePanelColors>
            </panelcolors>
          </ThemeSpaceGeneric>
        </space>
      </ThemeOutliner>
    </outliner>
    <info>
      <ThemeInfo
        info_selected="#4c6bab"
        info_selected_text="#ffffff"
        info_error_text="#ffffff"
        info_warning_text="#ffffff"
        info_info_text="#ffffff"
        info_debug="#6b3293ff"
        info_debug_text="#ffffff"
        info_property="#236666ff"
        info_property_text="#ffffff"
        info_operator="#235266ff"
        info_operator_text="#ffffff"
        >
        <space>
          <ThemeSpaceGeneric
            back="#2d4395"
            title="#ffffff"
            text="#c3c3c3"
            text_hi="#ffffff"
            header="#2d4395b3"
            header_text="#eeeeee"
            header_text_hi="#ffffff"
            button="#30303000"
            button_title="#ffffff"
            button_text="#cccccc"
            button_text_hi="#ffffff"
            navigation_bar="#1d1d1dff"
            execution_buts="#303030ff"
            tab_active="#303030"
            tab_inactive="#1d1d1d"
            tab_back="#181818ff"
            tab_outline="#3d3d3dff"
            >
            <panelcolors>
              <ThemePanelColors
                header="#3d3d3dff"
                back="#3d3d3dff"
                sub_back="#0000001f"
                >
              </ThemePanelColors>
            </panelcolors>
          </ThemeSpaceGeneric>
        </space>
      </ThemeInfo>
    </info>
    <preferences>
      <ThemePreferences>
        <space>
          <ThemeSpaceGeneric
            back="#a3c4ff"
            title="#eeeeee"
            text="#ffffff"
            text_hi="#ffffff"
            header="#506fd3b3"
            header_text="#eeeeee"
            header_text_hi="#ffffff"
            button="#1d1d1dff"
            button_title="#ffffff"
            button_text="#cccccc"
            button_text_hi="#ffffff"
            navigation_bar="#506fd3ff"
            execution_buts="#4158abff"
            tab_active="#303030"
            tab_inactive="#1d1d1d"
            tab_back="#181818ff"
            tab_outline="#3d3d3dff"
            >
            <panelcolors>
              <ThemePanelColors
                header="#506fd3ff"
                back="#506fd3ff"
                sub_back="#0000001f"
                >
              </ThemePanelColors>
            </panelcolors>
          </ThemeSpaceGeneric>
        </space>
      </ThemePreferences>
    </preferences>
    <console>
      <ThemeConsole
        line_output="#71a8ff"
        line_input="#f2f2f2"
        line_info="#95d600"
        line_error="#ff4d84"
        cursor="#ff0000"
        select="#ffffff30"
        >
        <space>
          <ThemeSpaceGeneric
            back="#2d4395"
            title="#eeeeee"
            text="#e6e6e6"
            text_hi="#ffffff"
            header="#5475d5b3"
            header_text="#eeeeee"
            header_text_hi="#ffffff"
            button="#30303000"
            button_title="#ffffff"
            button_text="#cccccc"
            button_text_hi="#ffffff"
            navigation_bar="#1d1d1dff"
            execution_buts="#303030ff"
            tab_active="#303030"
            tab_inactive="#1d1d1d"
            tab_back="#181818ff"
            tab_outline="#3d3d3dff"
            >
            <panelcolors>
              <ThemePanelColors
                header="#3d3d3dff"
                back="#3d3d3dff"
                sub_back="#0000001f"
                >
              </ThemePanelColors>
            </panelcolors>
          </ThemeSpaceGeneric>
        </space>
      </ThemeConsole>
    </console>
    <clip_editor>
      <ThemeClipEditor
        grid="#18181840"
        marker_outline="#000000"
        marker="#808000"
        active_marker="#ffffff"
        selected_marker="#ffff00"
        disabled_marker="#7f0000"
        locked_marker="#7f7f7f"
        path_before="#ff0000"
        path_after="#0000ff"
        path_keyframe_before="#ffc4c4"
        path_keyframe_after="#c4c4ff"
        frame_current="#4772b3"
        time_scrub_background="#181818ff"
        time_marker_line="#ffffff4d"
        time_marker_line_selected="#ffffffb3"
        strips="#ffffff"
        strips_selected="#ff8c00"
        metadatabg="#000000"
        metadatatext="#ffffff"
        preview_range="#a14d0066"
        handle_free="#000000"
        handle_auto="#909000"
        handle_align="#803060"
        handle_sel_free="#000000"
        handle_sel_auto="#f0ff40"
        handle_sel_align="#f090a0"
        handle_auto_clamped="#994030"
        handle_sel_auto_clamped="#f0af90"
        handle_vertex="#000000"
        handle_vertex_select="#ff8500"
        handle_vertex_size="5"
        >
        <space>
          <ThemeSpaceGeneric
            back="#1d2c62"
            title="#eeeeee"
            text="#a6a6a6"
            text_hi="#ffffff"
            header="#2d4395b3"
            header_text="#eeeeee"
            header_text_hi="#ffffff"
            button="#1e2d6700"
            button_title="#ffffff"
            button_text="#cccccc"
            button_text_hi="#ffffff"
            navigation_bar="#1d1d1dff"
            execution_buts="#303030ff"
            tab_active="#303030"
            tab_inactive="#1d1d1d"
            tab_back="#181818ff"
            tab_outline="#3d3d3dff"
            >
            <panelcolors>
              <ThemePanelColors
                header="#5475d5ff"
                back="#2d4395ff"
                sub_back="#0000001f"
                >
              </ThemePanelColors>
            </panelcolors>
          </ThemeSpaceGeneric>
        </space>
        <space_list>
          <ThemeSpaceListGeneric
            list="#303030"
            list_title="#ffffff"
            list_text="#b8b8b8"
            list_text_hi="#ffaf23"
            >
          </ThemeSpaceListGeneric>
        </space_list>
      </ThemeClipEditor>
    </clip_editor>
    <topbar>
      <ThemeTopBar>
        <space>
          <ThemeSpaceGeneric
            back="#506fd3"
            title="#ffffff"
            text="#e6e6e6"
            text_hi="#ffffff"
            header="#2d4395b3"
            header_text="#eeeeee"
            header_text_hi="#ffffff"
            button="#30303000"
            button_title="#ffffff"
            button_text="#cccccc"
            button_text_hi="#ffffff"
            navigation_bar="#1d1d1dff"
            execution_buts="#303030ff"
            tab_active="#303030"
            tab_inactive="#1d1d1d"
            tab_back="#181818ff"
            tab_outline="#3d3d3dff"
            >
            <panelcolors>
              <ThemePanelColors
                header="#3d3d3dff"
                back="#3d3d3dff"
                sub_back="#0000001f"
                >
              </ThemePanelColors>
            </panelcolors>
          </ThemeSpaceGeneric>
        </space>
      </ThemeTopBar>
    </topbar>
    <statusbar>
      <ThemeStatusBar>
        <space>
          <ThemeSpaceGeneric
            back="#303030"
            title="#ffffff"
            text="#838383"
            text_hi="#ffffff"
            header="#5070d3b3"
            header_text="#e4e3c4"
            header_text_hi="#ffffff"
            button="#30303000"
            button_title="#000000"
            button_text="#cccccc"
            button_text_hi="#ffffff"
            navigation_bar="#1d1d1dff"
            execution_buts="#303030ff"
            tab_active="#303030"
            tab_inactive="#1d1d1d"
            tab_back="#181818ff"
            tab_outline="#3d3d3dff"
            >
            <panelcolors>
              <ThemePanelColors
                header="#3d3d3dff"
                back="#3d3d3dff"
                sub_back="#0000001f"
                >
              </ThemePanelColors>
            </panelcolors>
          </ThemeSpaceGeneric>
        </space>
      </ThemeStatusBar>
    </statusbar>
    <spreadsheet>
      <ThemeSpreadsheet
        row_alternate="#ffffff04"
        >
        <space>
          <ThemeSpaceGeneric
            back="#1d2c62"
            title="#ffffff"
            text="#cccccc"
            text_hi="#ffffff"
            header="#2d4395b3"
            header_text="#eeeeee"
            header_text_hi="#ffffff"
            button="#2d439500"
            button_title="#ffffff"
            button_text="#cccccc"
            button_text_hi="#ffffff"
            navigation_bar="#1d1d1dff"
            execution_buts="#303030ff"
            tab_active="#303030"
            tab_inactive="#1d1d1d"
            tab_back="#181818ff"
            tab_outline="#3d3d3dff"
            >
            <panelcolors>
              <ThemePanelColors
                header="#1d2c62ff"
                back="#5475d5ff"
                sub_back="#0000001f"
                >
              </ThemePanelColors>
            </panelcolors>
          </ThemeSpaceGeneric>
        </space>
        <space_list>
          <ThemeSpaceListGeneric
            list="#303030"
            list_title="#c3c3c3"
            list_text="#b8b8b8"
            list_text_hi="#ffaf23"
            >
          </ThemeSpaceListGeneric>
        </space_list>
      </ThemeSpreadsheet>
    </spreadsheet>
    <bone_color_sets>
      <ThemeBoneColorSet
        normal="#9a0000"
        select="#bd1111"
        active="#f70a0a"
        show_colored_constraints="FALSE"
        >
      </ThemeBoneColorSet>
      <ThemeBoneColorSet
        normal="#f74018"
        select="#f66913"
        active="#fa9900"
        show_colored_constraints="FALSE"
        >
      </ThemeBoneColorSet>
      <ThemeBoneColorSet
        normal="#1e9109"
        select="#59b70b"
        active="#83ef1d"
        show_colored_constraints="FALSE"
        >
      </ThemeBoneColorSet>
      <ThemeBoneColorSet
        normal="#0a3694"
        select="#3667df"
        active="#5ec1ef"
        show_colored_constraints="FALSE"
        >
      </ThemeBoneColorSet>
      <ThemeBoneColorSet
        normal="#a9294e"
        select="#c1416a"
        active="#f05d91"
        show_colored_constraints="FALSE"
        >
      </ThemeBoneColorSet>
      <ThemeBoneColorSet
        normal="#430c78"
        select="#543aa3"
        active="#8764d5"
        show_colored_constraints="FALSE"
        >
      </ThemeBoneColorSet>
      <ThemeBoneColorSet
        normal="#24785a"
        select="#3c9579"
        active="#6fb6ab"
        show_colored_constraints="FALSE"
        >
      </ThemeBoneColorSet>
      <ThemeBoneColorSet
        normal="#4b707c"
        select="#6a8691"
        active="#9bc2cd"
        show_colored_constraints="FALSE"
        >
      </ThemeBoneColorSet>
      <ThemeBoneColorSet
        normal="#f4c90c"
        select="#eec236"
        active="#f3ff00"
        show_colored_constraints="FALSE"
        >
      </ThemeBoneColorSet>
      <ThemeBoneColorSet
        normal="#1e2024"
        select="#484c56"
        active="#ffffff"
        show_colored_constraints="FALSE"
        >
      </ThemeBoneColorSet>
      <ThemeBoneColorSet
        normal="#6f2f6a"
        select="#9845be"
        active="#d330d6"
        show_colored_constraints="FALSE"
        >
      </ThemeBoneColorSet>
      <ThemeBoneColorSet
        normal="#6c8e22"
        select="#7fb022"
        active="#bbef5b"
        show_colored_constraints="FALSE"
        >
      </ThemeBoneColorSet>
      <ThemeBoneColorSet
        normal="#8d8d8d"
        select="#b0b0b0"
        active="#dedede"
        show_colored_constraints="FALSE"
        >
      </ThemeBoneColorSet>
      <ThemeBoneColorSet
        normal="#834326"
        select="#8b5811"
        active="#bd6a11"
        show_colored_constraints="FALSE"
        >
      </ThemeBoneColorSet>
      <ThemeBoneColorSet
        normal="#08310e"
        select="#1c430b"
        active="#34622b"
        show_colored_constraints="FALSE"
        >
      </ThemeBoneColorSet>
      <ThemeBoneColorSet
        normal="#000000"
        select="#000000"
        active="#000000"
        show_colored_constraints="FALSE"
        >
      </ThemeBoneColorSet>
      <ThemeBoneColorSet
        normal="#000000"
        select="#000000"
        active="#000000"
        show_colored_constraints="FALSE"
        >
      </ThemeBoneColorSet>
      <ThemeBoneColorSet
        normal="#000000"
        select="#000000"
        active="#000000"
        show_colored_constraints="FALSE"
        >
      </ThemeBoneColorSet>
      <ThemeBoneColorSet
        normal="#000000"
        select="#000000"
        active="#000000"
        show_colored_constraints="FALSE"
        >
      </ThemeBoneColorSet>
      <ThemeBoneColorSet
        normal="#000000"
        select="#000000"
        active="#000000"
        show_colored_constraints="FALSE"
        >
      </ThemeBoneColorSet>
    </bone_color_sets>
    <collection_color>
      <ThemeCollectionColor
        color="#cc5652"
        >
      </ThemeCollectionColor>
      <ThemeCollectionColor
        color="#ff7f00"
        >
      </ThemeCollectionColor>
      <ThemeCollectionColor
        color="#f1d100"
        >
      </ThemeCollectionColor>
      <ThemeCollectionColor
        color="#e8e8e8"
        >
      </ThemeCollectionColor>
      <ThemeCollectionColor
        color="#00a2ff"
        >
      </ThemeCollectionColor>
      <ThemeCollectionColor
        color="#a668ff"
        >
      </ThemeCollectionColor>
      <ThemeCollectionColor
        color="#b85ba8"
        >
      </ThemeCollectionColor>
      <ThemeCollectionColor
        color="#805845"
        >
      </ThemeCollectionColor>
    </collection_color>
    <strip_color>
      <ThemeStripColor
        color="#e2605b"
        >
      </ThemeStripColor>
      <ThemeStripColor
        color="#f1a355"
        >
      </ThemeStripColor>
      <ThemeStripColor
        color="#f1dc55"
        >
      </ThemeStripColor>
      <ThemeStripColor
        color="#7bcc7b"
        >
      </ThemeStripColor>
      <ThemeStripColor
        color="#5db6ea"
        >
      </ThemeStripColor>
      <ThemeStripColor
        color="#8d59da"
        >
      </ThemeStripColor>
      <ThemeStripColor
        color="#c673b8"
        >
      </ThemeStripColor>
      <ThemeStripColor
        color="#7a5441"
        >
      </ThemeStripColor>
      <ThemeStripColor
        color="#5f5f5f"
        >
      </ThemeStripColor>
    </strip_color>
  </Theme>
  <ThemeStyle>
    <panel_title>
      <ThemeFontStyle
        points="11"
        character_weight="400"
        shadow="3"
        shadow_offset_x="0"
        shadow_offset_y="-1"
        shadow_alpha="0.5"
        shadow_value="0"
        >
      </ThemeFontStyle>
    </panel_title>
    <widget>
      <ThemeFontStyle
        points="11"
        character_weight="400"
        shadow="1"
        shadow_offset_x="0"
        shadow_offset_y="-1"
        shadow_alpha="0.5"
        shadow_value="0.3"
        >
      </ThemeFontStyle>
    </widget>
    <tooltip>
      <ThemeFontStyle
        points="11"
        character_weight="400"
        shadow="1"
        shadow_offset_x="0"
        shadow_offset_y="-1"
        shadow_alpha="0.5"
        shadow_value="0"
        >
      </ThemeFontStyle>
    </tooltip>
  </ThemeStyle>
</bpy>
